"Ref","Latitude","Longitude","CH4_mgm2day.mean","Water_Temp_C","Temp.annual","CH4_mgm2day.EbuAdj","CH4_mgm2day.EbuAdj.LCI","CH4_mgm2day.EbuAdj.UCI","Water_Temp_K","Boltzmann_15C","CH4_mgm2day.EbuAdj.15C","Loc"
"ANU.Fieldwork",-33.515984,148.563043,13.9882581800889,18.5333333333333,18.3973693847656,54.4531657633168,70.8541667513024,42.7824652341913,291.683333333333,0.487844578836075,44.1767635177935,"Temperate (Australia; N = 165)"
"ANU.Fieldwork",-33.507176,148.592199,1.81455880744611,14.7333333333333,18.2666969299316,6.99924770575833,9.08309912258884,5.51282528280433,287.883333333333,-0.0373044547623564,7.1120841330119,"Temperate (Australia; N = 165)"
"ANU.Fieldwork",-33.524183,148.565278,0.605021999552154,19.4333333333333,18.4820976257324,2.36928621801053,3.088341366623,1.85843639071199,292.583333333333,0.610224007872809,1.82390873088609,"Temperate (Australia; N = 165)"
"ANU.Fieldwork",-34.839408,149.448307,3.81481317399692,14.2,13.6548805236816,10.8640110007042,13.3751766937979,9.0124387556117,287.35,-0.112121080060938,11.3989654130792,"Temperate (Australia; N = 165)"
"ANU.Fieldwork",-34.853581,149.429012,22.5796351049927,15.3,13.6542377471924,64.3008515435589,79.1635617724852,53.3420795592709,288.45,0.0418850654647756,63.156544809706,"Temperate (Australia; N = 165)"
"ANU.Fieldwork",-34.838597,149.427647,7.91502817523566,14.4333333333333,13.7056655883789,22.6111684428495,27.8414564831778,18.7537261811045,287.583333333333,-0.0793546609741682,23.3936310293752,"Temperate (Australia; N = 165)"
"ANU.Fieldwork",-34.833823,149.427701,1.40653279125571,14.1666666666667,13.6777868270874,4.01122518642094,4.93870156207773,3.32728542614543,287.316666666667,-0.116806341563858,4.2172039748224,"Temperate (Australia; N = 165)"
"ANU.Fieldwork",-35.858386,146.919951,0.885314291052324,17.2333333333333,17.2967529296875,3.19333235019571,4.07051356110212,2.55772060214906,290.383333333333,0.3097350467513,2.79625109687995,"Temperate (Australia; N = 165)"
"ANU.Fieldwork",-35.863042,146.922873,1.52635423417899,18.3666666666667,17.2011661529541,5.46978158944222,6.96130312432569,4.38758064505305,291.516666666667,0.465098797654015,4.4810074435185,"Temperate (Australia; N = 165)"
"ANU.Fieldwork",-35.862688,146.926331,9.35774564933959,20.9333333333333,17.2011661529541,33.5340406081899,42.6782345583312,26.8993021233085,294.083333333333,0.812525168501104,23.6704253341351,"Temperate (Australia; N = 165)"
"ANU.Fieldwork",-35.860923,146.917756,0.363376449359689,14.5333333333333,17.4308567047119,1.32278281855904,1.68997125249556,1.05722854276791,287.683333333333,-0.0653281810116937,1.36035312509662,"Temperate (Australia; N = 165)"
"ANU.Fieldwork",-35.863696,146.918592,5.48143847058335,15.6333333333333,17.4308567047119,19.9538320181533,25.4927732766732,15.9480153893806,288.783333333333,0.08832196207576,19.2124215089135,"Temperate (Australia; N = 165)"
"ANU.Fieldwork",-35.854769,147.281937,1.32950426081423,14.2666666666667,15.9726181030273,4.38783389249919,5.48968434012283,3.57781562179664,287.416666666667,-0.102753817312447,4.58544380833996,"Temperate (Australia; N = 165)"
"ANU.Fieldwork",-35.862569,147.251834,2.08695343486092,16.5333333333333,16.4781093597412,7.12259099338656,8.96761398281966,5.77230391016621,289.683333333333,0.213167776358304,6.50053961869299,"Temperate (Australia; N = 165)"
"ANU.Fieldwork",-35.870717,147.269082,15.3232991516213,15.9,16.0723075866699,50.9059621704933,63.7634103965561,41.4612636396156,289.05,0.125394365680499,48.2416471007994,"Temperate (Australia; N = 165)"
"ANU.Fieldwork",-35.88015,147.2725,1.03705044144884,15.4666666666667,16.5675449371338,3.5606029035179,4.4884190356646,2.88220747262994,288.616666666667,0.065116921663261,3.46257956448007,"Temperate (Australia; N = 165)"
"ANU.Fieldwork",-34.226976,148.339146,1.73901152126207,14.5666666666667,16.9403457641602,6.12246072858542,7.75989833194189,4.93033990151013,287.716666666667,-0.0606548544027206,6.28375174946377,"Temperate (Australia; N = 165)"
"ANU.Fieldwork",-34.232995,148.353655,9.4793297854686,14.3,16.9585304260254,33.4145548007618,42.3630135902829,26.9011916405215,287.45,-0.0980718153107389,34.8493882662626,"Temperate (Australia; N = 165)"
"ANU.Fieldwork",-34.235121,148.342077,17.4447851872653,14.4,16.8900508880615,61.2085691968211,77.5193443046619,49.3263140569532,287.55,-0.0840323222626864,63.4538192982044,"Temperate (Australia; N = 165)"
"ANU.Fieldwork",-34.230387,148.349255,1.99811770734486,14.0333333333333,16.9585304260254,7.04334748779361,8.92956459020915,5.6704164304952,287.183333333333,-0.135558263929809,7.46479699117783,"Temperate (Australia; N = 165)"
"ANU.Fieldwork",-34.230918,148.342736,2.21328189153427,15.0666666666667,16.9403457641602,7.79220338481339,9.87620970203202,6.27496246557455,288.216666666667,0.0093153276919864,7.76114696447851,"Temperate (Australia; N = 165)"
"ANU.Fieldwork",-34.225599,148.343111,3.63558531489057,14.0333333333333,17.1906490325928,13.0190060511171,16.5662417764471,10.4448749263514,287.183333333333,-0.135558263929802,13.7980182529584,"Temperate (Australia; N = 165)"
"ANU.Fieldwork",-34.304549,148.211291,3.08995537142813,14.6333333333333,16.2347774505615,10.3762497126398,13.0228000606713,8.43485775213954,287.783333333333,-0.0513114489938431,10.6070307029809,"Temperate (Australia; N = 165)"
"ANU.Fieldwork",-34.298828,148.208492,137.203873739021,16.8333333333333,16.2347774505615,460.738581735432,578.253858219006,374.534586723261,289.983333333333,0.25461083676548,413.094979750725,"Temperate (Australia; N = 165)"
"ANU.Fieldwork",-34.285849,148.225565,1.58350795241731,17.2333333333333,16.6491661071777,5.46664507509888,6.8990175433593,4.42025458142216,290.383333333333,0.3097350467513,4.78688423601189,"Temperate (Australia; N = 165)"
"ANU.Fieldwork",-34.306088,148.199023,17.7149198285671,18.4666666666667,16.3282012939453,59.8581810389108,75.2147968852525,48.6028896183523,291.616666666667,0.478749386319514,48.7514641884508,"Temperate (Australia; N = 165)"
"ANU.Fieldwork",-34.299823,148.212875,6.64684661612829,15.5666666666667,16.2347774505615,22.3204972241023,28.0135290354634,18.1443415739107,288.716666666667,0.0790431608329456,21.5768096887723,"Temperate (Australia; N = 165)"
"ANU.Fieldwork",-34.865803,148.829786,1.17883010540392,13.8,15.9247589111328,3.87831851611253,4.84957881120111,3.16404845283299,286.95,-0.168416060405178,4.16869365927976,"Temperate (Australia; N = 165)"
"ANU.Fieldwork",-34.85916,148.825361,3.97290353794029,12.8333333333333,15.8594331741333,13.0147487997422,16.2622167003202,10.6254287570581,285.983333333333,-0.305112405021887,14.833480934605,"Temperate (Australia; N = 165)"
"ANU.Fieldwork",-34.865444,148.835839,11.5590598612018,13.3,15.9247589111328,38.028987962766,47.5527147833417,31.025187855639,286.45,-0.239005878008236,42.1321892315025,"Temperate (Australia; N = 165)"
"ANU.Fieldwork",-35.995254,146.937548,4.94623782300759,15.1,17.9225387573242,18.6267129851409,24.0098476354585,14.7636544876894,288.25,0.0139713756962294,18.5154795648887,"Temperate (Australia; N = 165)"
"ANU.Fieldwork",-35.9925,146.9362,1.38673951153885,15.3333333333333,17.8333339691162,5.1900326348068,6.67873098686111,4.12012233139995,288.483333333333,0.0465335841982579,5.08752133282735,"Temperate (Australia; N = 165)"
"ANU.Fieldwork",-35.992599,146.932601,0.932151969128124,16.7,17.8333339691162,3.48868630346144,4.48937395154418,2.76950365393525,289.85,0.236202289996406,3.15271452451776,"Temperate (Australia; N = 165)"
"ANU.Fieldwork",-36.06454,147.17612,12.0579021174865,16.0666666666667,16.1681175231934,40.3125760407199,50.5528552210667,32.7963764925598,289.216666666667,0.148529901944379,37.8256625027645,"Temperate (Australia; N = 165)"
"ANU.Fieldwork",-36.058229,147.180243,0.728364033353948,17.2,16.799388885498,2.54002381598346,3.21253366556327,2.04957460023389,290.35,0.305147163690897,2.22855845214715,"Temperate (Australia; N = 165)"
"ANU.Fieldwork",-36.051485,147.179191,104.510919366708,17.2333333333333,16.1654758453369,349.344954314067,438.072057038417,284.219218382049,290.383333333333,0.3097350467513,305.904962140981,"Temperate (Australia; N = 165)"
"ANU.Fieldwork",-36.0637,147.1729,49.1661832180477,17.3,16.1681175231934,164.374820785381,206.129633312408,133.727462688791,290.45,0.318907653716963,143.370413987951,"Temperate (Australia; N = 165)"
"ANU.Fieldwork",-35.77307,146.891812,0.933913477547767,20.1,17.0436363220215,3.311079813318,4.20334625441041,2.66232331912949,293.25,0.700391138163269,2.45226542973351,"Temperate (Australia; N = 165)"
"ANU.Fieldwork",-35.771719,146.893291,-0.004990206492438,20,17.1448078155518,0.017814217458974,-0.0226511782993897,-0.0143019963003524,293.15,0.686892212935142,0.0132702122814099,"Temperate (Australia; N = 165)"
"ANU.Fieldwork",-35.774593,146.895204,15.5675511870742,19.4,17.1448078155518,55.5736005254486,70.6630834130109,44.6168028959271,292.55,0.60570486397301,42.8642772055037,"Temperate (Australia; N = 165)"
"ANU.Fieldwork",-33.512312,148.578701,0.235671919366449,18.3666666666667,18.3839874267578,0.916556515990727,1.19228912765419,0.720300284718579,291.516666666667,0.465098797654015,0.750870305038751,"Temperate (Australia; N = 165)"
"ANU.Fieldwork",-33.515833,148.577222,-0.399698914364366,15.0333333333333,18.3839874267578,1.55447728087385,-2.02211901703407,-1.22162726298629,288.183333333333,0.00465820258450833,1.55137608600236,"Temperate (Australia; N = 165)"
"ANU.Fieldwork",-35.725254,147.208072,7.90646180521696,16.1,16.7938747406006,27.5619578505061,34.8565702068036,22.2417853975937,289.25,0.153153809814441,25.8104249549102,"Temperate (Australia; N = 165)"
"ANU.Fieldwork",-35.721689,147.222109,2.06478569035393,18.0333333333333,16.6425666809082,7.1249730335074,8.99102132338624,5.76167059356079,291.183333333333,0.419529120306713,5.95214202965352,"Temperate (Australia; N = 165)"
"ANU.Fieldwork",-35.909471,147.058206,5.93975041361412,17.1,17.5304908752441,21.7705683722486,27.8619730276086,17.3717480560174,290.25,0.291377191845697,19.2140876520558,"Temperate (Australia; N = 165)"
"ANU.Fieldwork",-35.909511,147.055329,116.565315841013,16.0666666666667,17.5304908752441,427.239025487171,546.78049745542,340.913869750978,289.216666666667,0.148529901944379,400.88232440824,"Temperate (Australia; N = 165)"
"ANU.Fieldwork",-35.910001,147.053161,0.250341936724828,19.2666666666667,17.3369045257568,0.905465618541246,1.15496567861448,0.72477900774419,292.416666666667,0.587617985395447,0.703827831052655,"Temperate (Australia; N = 165)"
"ANU.Fieldwork",-35.913717,147.055912,19.174567049193,15.6666666666667,17.5304908752441,70.2792531477302,89.9433869672685,56.0790815550644,288.816666666667,0.0929597563492166,67.533529117306,"Temperate (Australia; N = 165)"
"ANU.Fieldwork",-35.915191,147.056743,4.00458315150256,14.5333333333333,17.6997833251953,14.8498647798814,19.0624172928031,11.8158083579381,287.683333333333,-0.0653281810117008,15.2716376998151,"Temperate (Australia; N = 165)"
"ANU.Fieldwork",-35.994638,147.186614,8.9135148083307,15.5333333333333,17.3675804138184,32.3071508142174,41.2306961744167,25.8476093810158,288.683333333333,0.0744021531216674,31.2929214605692,"Temperate (Australia; N = 165)"
"ANU.Fieldwork",-35.987296,147.189757,3.2449918579733,14.4333333333333,17.2861824035645,11.6962523394123,14.9064893621753,9.36974587857797,287.583333333333,-0.0793546609741682,12.1010027565031,"Temperate (Australia; N = 165)"
"ANU.Fieldwork",-35.9901,147.1883,1.72061259958106,13.8333333333333,17.3675804138184,6.2363828346989,7.95893167315958,4.98947085704729,286.983333333333,-0.163718818230286,6.68982443584301,"Temperate (Australia; N = 165)"
"ANU.Fieldwork",-35.993333,147.192222,2.04694367385764,14.2,17.2861824035645,7.37800610352089,9.40302639723356,5.91044381349774,287.35,-0.112121080060938,7.74130626212275,"Temperate (Australia; N = 165)"
"ANU.Fieldwork",-35.997596,147.192823,37.418503981783,14.7333333333333,17.2007141113281,134.087314716341,170.649512616251,107.558774363376,287.883333333333,-0.0373044547623564,136.248966106414,"Temperate (Australia; N = 165)"
"ANU.Fieldwork",-35.996419,147.184768,63.1242010551899,15.0333333333333,17.0192222595215,223.429095913094,283.530145948177,179.716606617937,288.183333333333,0.00465820258450833,222.983353041897,"Temperate (Australia; N = 165)"
"ANU.Fieldwork",-36.006,147.195746,2.48525324440289,13.7,16.8070888519287,8.67132330782827,10.9684351873212,6.99623309690426,286.85,-0.182514337032266,9.37706165908872,"Temperate (Australia; N = 165)"
"ANU.Fieldwork",-36.000998,147.187971,547.778000658304,15.1333333333333,17.0192222595215,1938.86879203685,2460.41254982474,1559.54137735855,288.283333333333,0.0186263469708621,1923.44812468945,"Temperate (Australia; N = 165)"
"ANU.Fieldwork",-35.516818,146.853764,2.76411459218792,18.7666666666667,17.4225635528564,10.0563634935313,12.8460593729449,8.03858248459702,291.916666666667,0.519645037992092,8.04805550579391,"Temperate (Australia; N = 165)"
"ANU.Fieldwork",-35.505008,146.872825,2.34281534422378,17.3,17.6861190795898,8.67948036352359,11.1388789796563,6.90773497544053,290.45,0.318907653716963,7.57038509288121,"Temperate (Australia; N = 165)"
"ANU.Fieldwork",-36.081298,147.177399,0.982144091554492,15.1,17.2837829589844,3.53946131012538,4.51074720553913,2.83553228658276,288.25,0.0139713756962294,3.51832465613336,"Temperate (Australia; N = 165)"
"ANU.Fieldwork",-36.10267,147.19617,29.568092808321,15.6666666666667,17.6824684143066,109.513987283033,140.536335454335,87.1642652893983,288.816666666667,0.0929597563492166,105.235410418841,"Temperate (Australia; N = 165)"
"ANU.Fieldwork",-36.102669,147.196163,86.7146732009088,15.5666666666667,17.6824684143066,321.172883206867,412.152467214469,255.627606026737,288.716666666667,0.0790431608329456,310.471855020585,"Temperate (Australia; N = 165)"
"ANU.Fieldwork",-35.884374,146.789427,5.05636645405434,22.1333333333333,16.7256259918213,17.5456982405519,22.1672828694806,14.1723836612095,295.283333333333,0.972886262358067,11.5620285110336,"Temperate (Australia; N = 165)"
"ANU.Fieldwork",-35.888172,146.786637,963.894112116945,22.1333333333333,16.9520988464355,3396.23944868408,4305.33113475936,2734.48077774299,295.283333333333,0.972886262358067,2238.00824553261,"Temperate (Australia; N = 165)"
"DryFlux",-38.23158,144.64513,1236.79906110025,20,13.6848249435425,3528.69342449303,4344.68145683399,2926.9465969794,293.15,0.686892212935142,2628.60330109244,"Temperate (Australia; N = 165)"
"DryFlux",-37.68995,145.44596,115.967577498083,17.4,15.9011764526367,380.938932443825,476.212470217266,310.862273747149,290.55,0.332658671714086,330.308216490889,"Temperate (Australia; N = 165)"
"DryFlux",-37.70896,145.50456,301.942630103069,17.7,15.5427474975586,968.865461426769,1206.63981555253,793.583446604389,290.85,0.373854991232065,825.386503176738,"Temperate (Australia; N = 165)"
"DryFlux",-38.23121,144.64165,7.89204468977706,21,13.6848249435425,22.5166779944411,27.7235173429681,18.6769169499555,294.15,0.821468443536723,15.8328607189717,"Temperate (Australia; N = 165)"
"DryFlux",-38.20684,144.66034,42.7871043899876,20,18.86125,172.107525004616,226.183994286152,133.976061833122,293.15,0.686892212935142,128.206776261665,"Temperate (Australia; N = 165)"
"DryFlux",-38.22983,144.64687,64.5317882872924,19,18.86125,259.573685216398,341.132166837251,202.063565203617,292.15,0.55139470059062,204.927083354847,"Temperate (Australia; N = 165)"
"DryFlux",-38.22687,144.64906,8.07484455159571,22,18.86125,32.4803823578526,42.6857722661661,25.2841571861683,295.15,0.955132756600761,21.5670103054795,"Temperate (Australia; N = 165)"
"DryFlux",-38.22327,144.63162,283.06861397662,26,13.3518333435059,791.368505477904,973.669963698745,657.190065960715,299.15,1.48085373521064,419.436603236791,"Temperate (Australia; N = 165)"
"DryFlux",-37.68925,145.42387,0.896115557386541,19.3666666666667,15.753885269165,2.91532332551714,3.63860417539359,2.38279447525268,292.516666666667,0.601184690127603,2.25296935754202,"Temperate (Australia; N = 165)"
"DryFlux",-37.69531,145.43253,69.2848063252413,21,15.7831707000732,225.83621362339,281.953386277349,184.526762295184,294.15,0.821468443536723,158.799327169036,"Temperate (Australia; N = 165)"
"DryFlux",-37.69989,145.44569,14.3983115332843,20.8,15.7777118682861,46.9150130926062,58.5693191682261,38.3356391359626,293.95,0.794626448639043,33.3706362533397,"Temperate (Australia; N = 165)"
"Grinham",-23.8015,150.9446,16.9308807981176,24.1490058898926,22.271656036377,16.9308807981176,16.9308807981176,16.9308807981176,297.299005889893,1.23933563509057,9.95254415215584,"Subtropical (Australia; N = 12)"
"Grinham",-27.5372,152.9139,34.2865320675473,22.4955654144287,20.6094417572021,34.2865320675473,34.2865320675473,34.2865320675473,295.645565414429,1.02103708575745,22.1320676857166,"Subtropical (Australia; N = 12)"
"Grinham",-27.5294,152.9227,192.675451690315,22.5042419433594,20.9941673278809,192.675451690315,192.675451690315,192.675451690315,295.654241943359,1.02218899336547,124.311225384511,"Subtropical (Australia; N = 12)"
"Grinham",-27.5294,152.9242,204.668008208632,22.5042419433594,20.9941673278809,204.668008208632,204.668008208632,204.668008208632,295.654241943359,1.02218899336547,132.04863761428,"Subtropical (Australia; N = 12)"
"Grinham",-23.8008,150.9558,573.714595114165,24.1475257873535,22.3662033081055,573.714595114165,573.714595114165,573.714595114165,297.297525787353,1.23914130763565,337.276932992894,"Subtropical (Australia; N = 12)"
"Grinham",-23.806,150.9574,48.3872572687059,24.1475257873535,22.1980171203613,48.3872572687059,48.3872572687059,48.3872572687059,297.297525787353,1.23914130763565,28.4460354791561,"Subtropical (Australia; N = 12)"
"Grinham",-27.5548,152.3394,580.924415852099,22.1797695159912,20.7108917236328,580.924415852099,580.924415852099,580.924415852099,295.329769515991,0.979065536466365,381.797010252598,"Subtropical (Australia; N = 12)"
"Grinham",-27.5541,152.3412,785.322024932934,22.1884098052979,20.7108917236328,785.322024932934,785.322024932934,785.322024932934,295.338409805298,0.980215087448499,515.877566010234,"Subtropical (Australia; N = 12)"
"Grinham",-27.5615,152.3434,1149.10465404131,22.1823463439941,20.974967956543,1149.10465404131,1149.10465404131,1149.10465404131,295.332346343994,0.97940837868763,755.107258350666,"Subtropical (Australia; N = 12)"
"Grinham",-27.5625,152.3447,63.0458274145215,22.1823463439941,20.974967956543,63.0458274145215,63.0458274145215,63.0458274145215,295.332346343994,0.97940837868763,41.4290915296537,"Subtropical (Australia; N = 12)"
"Grinham",-27.5546,152.3488,1229.13542745675,22.1884098052979,20.7990913391113,1229.13542745675,1229.13542745675,1229.13542745675,295.338409805298,0.980215087448499,807.418323289085,"Subtropical (Australia; N = 12)"
"Grinham",-27.5537,152.3503,128.50915316989,22.1905517578125,20.7990913391113,128.50915316989,128.50915316989,128.50915316989,295.340551757812,0.980500054032014,84.4072730413233,"Subtropical (Australia; N = 12)"
"Ollivier",-37.7512720817721,143.95668571246,2.97931870989469,27.5,13.7945833206177,8.55781675133835,10.5401234714003,7.09523512091359,300.65,1.67439258458289,4.17461624501225,"Temperate (Australia; N = 165)"
"Ollivier",-37.7512130614472,143.952852322903,3.72414838736836,26.5,13.7945833206177,10.6972709391729,13.1751543392504,8.86904390114198,299.65,1.5455819793441,5.51453816425281,"Temperate (Australia; N = 165)"
"Ollivier",-37.8630197237721,143.848361317423,8.93795612968406,20.9,14.3212308883667,26.5274772335018,32.7419523174412,21.9354062309732,294.05,0.808052010276775,18.7606966159008,"Temperate (Australia; N = 165)"
"Ollivier",-37.9472265306893,143.88425520401,15.8648721301892,23.9,14.3390474319458,47.1388861609288,58.1871364980665,38.9747876369137,297.05,1.20661560328244,28.1012636350601,"Temperate (Australia; N = 165)"
"Ollivier",-37.955152192764,143.892735747168,324.000909701047,27,14.2282218933105,956.040974248827,1179.47737698787,790.962490141138,300.15,1.61009457049026,479.40371353027,"Temperate (Australia; N = 165)"
"Ollivier",-37.941985342158,143.856084735147,1008.49938329935,31.5,14.228214263916,2975.81347607475,3671.29092027635,2461.98332520289,304.65,2.18117870452124,1168.16292165967,"Temperate (Australia; N = 165)"
"Ollivier",-37.8780831097284,143.66934981418,11.1724451621051,28.6,14.5808334350586,33.7054460388053,41.6609276873877,27.8258200254926,301.75,1.81509816087381,15.4794817783888,"Temperate (Australia; N = 165)"
"Ollivier",-37.9853905849406,143.60083622554,3.72414838736836,19.8,14.115161895752,10.9117661723015,13.4551701194252,9.03313349137844,292.95,0.659866714910599,8.22314424203021,"Temperate (Australia; N = 165)"
"Ollivier",-37.9876928453958,143.59389306298,42.4552916159993,20.2,14.2491426467896,125.438241494232,154.769659834827,103.766859135807,293.35,0.713880860101639,92.3668647387499,"Temperate (Australia; N = 165)"
"Ollivier",-37.9827847080614,143.583712153758,1.48965935494734,22.4,14.2491426467896,4.40134180681515,5.43051438016936,3.64094242581781,295.55,1.00834521836734,2.85658110384393,"Temperate (Australia; N = 165)"
"Ollivier",-38.0064579861434,143.594882871628,2.23448903242101,23.3,13.5178575515747,6.31036299230237,7.76644088028419,5.23754274541672,296.45,1.12754822293276,3.89154465367793,"Temperate (Australia; N = 165)"
"Ollivier",-37.9360134996177,143.577863648541,1.48965935494734,21.2,14.0920000076294,4.35842003877315,5.37379231664153,3.60848173879154,294.35,0.848273962137604,3.02965640086121,"Temperate (Australia; N = 165)"
"Ollivier",-37.9347424744873,143.584751002506,18.6207419368418,24.5,14.077428817749,54.4309034837336,67.1075113307673,45.0685273027018,297.65,1.28536421710627,31.3711386576188,"Temperate (Australia; N = 165)"
"Ollivier",-37.9296378079088,143.593368078989,119.172748395787,24.5,14.077428817749,348.357782295895,429.488072516911,288.438574737291,297.65,1.28536421710627,200.77528740876,"Temperate (Australia; N = 165)"
"Ollivier",-37.9407254572314,143.559091671679,71.5036490374725,26.9,13.9837999343872,207.803268901016,256.104708868675,172.1400505399,300.05,1.59720925275192,104.779497952318,"Temperate (Australia; N = 165)"
"Ollivier",-37.9372857980439,143.572347852502,102.786495491367,26.4,14.2165031433105,303.073817305231,373.884863162681,250.75865638614,299.55,1.5326536173127,157.105588675835,"Temperate (Australia; N = 165)"
"Ollivier",-37.9384835557756,143.646526620301,631.615566497674,27.3,13.8459033966064,1820.00697388549,2241.95514971519,1508.61949279465,300.45,1.64869905963045,897.656896100648,"Temperate (Australia; N = 165)"
"Ollivier",-37.8047003553242,143.898899967762,15.6414232269471,18.8,13.8527946472168,45.0901000992807,55.5449947195078,37.3744294991499,291.95,0.524183811230252,36.0152263894538,"Temperate (Australia; N = 165)"
"Ollivier",-37.8040874735551,143.892550009285,2.97931870989469,19.3,13.8527946472168,8.58859049510108,10.579998994192,7.11893895221902,292.45,0.592141251191201,6.66306736798738,"Temperate (Australia; N = 165)"
"Ollivier",-37.8000208782866,143.894921574281,107.255473556209,19.3,13.9264278411865,310.599374301387,382.713921740804,257.364291211914,292.45,0.592141251191201,240.964399991516,"Temperate (Australia; N = 165)"
"Ollivier",-37.8005537174476,143.889818201905,5.2138077423157,19.7,13.7309017181396,14.9176028013868,18.3695727443448,12.3714027992303,292.85,0.646340123232441,11.3073371654339,"Temperate (Australia; N = 165)"
"Ollivier",-37.7992090404651,143.887636776148,54.372566455578,21.6,13.7309017181396,155.56928635732,191.568401476739,129.016057763402,294.75,0.901775867457026,105.688300211301,"Temperate (Australia; N = 165)"
"Ollivier",-37.805961348742,143.884305031664,11.9172748395787,20.2,13.8639993667603,34.3781335484968,42.3508582763036,28.4940337017376,293.35,0.713880860101639,25.314452543491,"Temperate (Australia; N = 165)"
"Ollivier",-37.8069875145161,143.887155035623,26.8138683890522,21.9,13.8639993667603,77.3508004841178,95.2894311216832,64.1115758289097,295.05,0.941807097326802,51.6552728906409,"Temperate (Australia; N = 165)"
"Ollivier",-37.8122962698519,143.889610370571,0.595863741978937,22.8,14.0034561157227,1.73380582231681,2.13696878330597,1.43611287716355,295.95,1.0614138383721,1.09997128864433,"Temperate (Australia; N = 165)"
"Ollivier",-37.808548397129,143.89356634239,4.46897806484203,22.7,13.8527946472168,12.8828857426516,15.8699984912879,10.6784084283285,295.85,1.04816013662932,8.21980822223552,"Temperate (Australia; N = 165)"
"Ollivier",-37.81336117653,143.900746112746,8.93795612968406,29.2,14.0856246948242,26.1401526704836,32.2291170925693,21.6430147697339,302.35,1.89141512918903,11.618642795904,"Temperate (Australia; N = 165)"
"Ollivier",-37.892043976784,143.720223139764,0.744829677473672,15.5,15.1359910964966,2.32794810899781,2.88872101251161,1.91385533062652,288.65,0.0697600735222323,2.2593578955009,"Temperate (Australia; N = 165)"
"Ollivier",-37.8925400307346,143.720222530182,0.52138077423157,14.4,15.1359910964966,1.62956367629847,2.02210470875813,1.33969873143856,287.55,-0.0840323222626864,1.68933926094993,"Temperate (Australia; N = 165)"
"Ollivier",-37.9109437127356,143.727213123179,5.2138077423157,17.1,14.8981857299805,16.0493605567231,19.8790959890283,13.2197332187639,290.25,0.291377191845697,14.1647115143496,"Temperate (Australia; N = 165)"
"Ollivier",-37.8938382906214,143.727662071144,61.8208632303147,19.5,14.9449453353882,190.868574047342,236.494877452982,157.160240075952,292.65,0.619259207243275,146.365185132372,"Temperate (Australia; N = 165)"
"Ollivier",-37.8869276909482,143.726893243995,2.97931870989469,21.2,14.8862380981445,9.16407586388986,11.3498532285956,7.54906523784175,294.35,0.848273962137604,6.3701985701284,"Temperate (Australia; N = 165)"
"Ollivier",-37.8845947283655,143.7304138274,15.6414232269471,20.4,14.8862380981445,48.1113982854218,59.5867294501269,39.6325924986692,293.55,0.740832731731196,35.0200043813713,"Temperate (Australia; N = 165)"
"Ollivier",-37.8936128574882,143.716083635018,10.4276154846314,22.5,15.1359910964966,32.5912735259693,40.4420941751626,26.7939746287712,295.65,1.02162583572774,21.0324635159733,"Temperate (Australia; N = 165)"
"Ollivier",-37.8924770626685,143.714817290585,0.744829677473672,23.2,15.1359910964966,2.32794810899781,2.88872101251161,1.91385533062652,296.35,1.1143391990686,1.4437775713956,"Temperate (Australia; N = 165)"
"Ollivier",-37.8937632935004,143.714613202004,2.23448903242101,23.8,15.1359910964966,6.98384432699343,8.66616303753483,5.74156599187955,296.95,1.1934598953043,4.18687963377819,"Temperate (Australia; N = 165)"
"Ollivier",-37.8745895864319,143.680464929811,884.112827161248,31.2,14.8251428604126,2708.87309029822,3353.53714789749,2232.50402504618,304.35,2.14363182256967,1080.63002040001,"Temperate (Australia; N = 165)"
"Ollivier",-37.8702687732761,143.677929474135,287.504255504837,23.4,14.7440376281738,876.36629063749,1084.3299393138,722.679104240895,296.55,1.14074833833369,537.397546873255,"Temperate (Australia; N = 165)"
"Ollivier",-37.8774770889665,143.669843307674,5.95863741978937,27.7,14.5808334350586,17.9762378873628,22.2191614332735,14.8404373469294,300.85,1.70005194829225,8.67311289756995,"Temperate (Australia; N = 165)"
"Ollivier",-37.8767563914116,143.667825380767,8.93795612968406,27.4,14.5808334350586,26.9643568310442,33.3287421499102,22.2606560203941,300.55,1.66155009652439,13.2261887952298,"Temperate (Australia; N = 165)"
"Ollivier",-37.8943239327602,143.703236602697,0.148965935494734,21,14.9580955505371,0.460310966971049,0.570401996902381,0.378978830692194,294.15,0.821468443536723,0.323672942752349,"Temperate (Australia; N = 165)"
"Ollivier",-37.9001950162392,143.704599733972,0.744829677473672,19.5,14.9850826263428,2.30553024661261,2.8575147762329,1.8977635756401,292.65,0.619259207243275,1.76796711065719,"Temperate (Australia; N = 165)"
"Ollivier",-37.9322030518858,143.705449883578,5.2138077423157,23.7,14.7296714782715,15.8781642095314,19.6442271974675,13.0949715028911,296.85,1.180295323787,9.57298233603024,"Temperate (Australia; N = 165)"
"Ollivier",-37.9275829397293,143.636707539356,14.8965935494734,23.9,13.896785736084,43.0597960116176,53.0518313424622,35.6844596146004,297.05,1.20661560328244,25.6695645218133,"Temperate (Australia; N = 165)"
"Ollivier",-37.9281162441336,143.646537518565,5.2138077423157,24.7,13.896785736084,15.0709286040662,18.5681409698618,12.4895608651101,297.85,1.31154325100071,8.58915843567806,"Temperate (Australia; N = 165)"
"Ollivier",-37.9230673767082,143.64723047417,415.614960030309,25.7,14.1146249771118,1217.71240364541,1501.54336990104,1008.06682260793,298.85,1.44191282501237,656.26992165721,"Temperate (Australia; N = 165)"
"Ollivier",-37.9316269798715,143.645779296962,71.5036490374725,26.6,13.896785736084,206.687020855764,254.648790443819,171.285406150082,299.75,1.55850171527906,105.960475414073,"Temperate (Australia; N = 165)"
"Ollivier",-37.7594011653605,143.969615726789,4.46897806484203,18.2,13.6819076538086,12.7480934770848,15.6958851973968,10.5742883876181,291.35,0.44232699303943,10.5460708120025,"Temperate (Australia; N = 165)"
"Ollivier",-37.7624377134069,143.976696976039,9.68278580715773,18.4,13.4296159744263,27.1982276529777,33.4681523242988,22.5810820277861,291.55,0.469650034336873,22.2381632339641,"Temperate (Australia; N = 165)"
"Ollivier",-37.7588704715911,143.977578895925,29.0483574214732,17.8,13.4296159744263,81.5946829589331,100.404456972896,67.7432460833583,290.95,0.387568218746466,69.1038992742021,"Temperate (Australia; N = 165)"
"Ollivier",-37.7567930438609,143.976287022498,20.1104012917891,19.4,13.4296159744263,56.4886266638768,69.510777904313,46.8991703654019,292.55,0.60570486397301,43.5700427790318,"Temperate (Australia; N = 165)"
"Ollivier",-37.7538826540706,143.965484735907,3.72414838736836,20.6,13.5219249725342,10.5198834092033,12.9473959433259,8.73128000850364,293.75,0.767747902939817,7.5695131556259,"Temperate (Australia; N = 165)"
"Ollivier",-37.7472742523693,143.969542877886,275.586980665258,19.2,13.5219249725342,778.471372281044,958.107299806119,646.11472062927,292.35,0.578568359385756,607.466063151064,"Temperate (Australia; N = 165)"
"Ollivier",-37.7475210937907,143.970501896473,291.228403892206,19.5,13.5219249725342,822.654882599698,1012.48636276809,682.786096664985,292.65,0.619259207243275,630.842635005429,"Temperate (Australia; N = 165)"
"Ollivier",-37.7428572285012,143.974073291103,18.6207419368418,20.4,13.5369997024536,52.6478594606457,64.7987356665438,43.6942592870343,293.55,0.740832731731196,38.3220678402171,"Temperate (Australia; N = 165)"
"Ollivier",-37.7387417954673,143.973317922196,33.5173354863152,20.6,13.5369997024536,94.7661470291623,116.637724199779,78.6496667166618,293.75,0.767747902939817,68.1883599601175,"Temperate (Australia; N = 165)"
"Ollivier",-37.7404220560165,143.97550906988,656.939775531778,22.2,13.5369997024536,1857.41648177158,2286.09939431566,1541.53346764657,295.35,0.981757004230879,1219.32949095196,"Temperate (Australia; N = 165)"
"Ollivier",-37.7327812449046,143.977746508012,72.2484787149461,21.9,13.5332050323486,204.226356321331,251.358727294334,169.496739580184,295.05,0.941807097326802,136.383438842442,"Temperate (Australia; N = 165)"
"Ollivier",-37.7368404059436,143.973885696409,40.9656322610519,21.5,13.5332050323486,115.798449460548,142.522989702973,96.1063987310322,294.65,0.888414009463837,79.1213288382375,"Temperate (Australia; N = 165)"
"Ollivier",-37.7367389515615,143.971337695198,624.167269722937,22.3,13.5332050323486,1764.34728450799,2171.5320976562,1464.31203884736,295.45,0.995055610912267,1151.6482660985,"Temperate (Australia; N = 165)"
"Ollivier",-37.7344489037594,143.962599773737,375.39415744673,23,13.5853328704834,1064.5214538787,1310.35321571829,883.327019839199,296.15,1.08789438985346,667.73637483651,"Temperate (Australia; N = 165)"
"Ollivier",-37.7404944324283,143.960046850478,264.414535503153,23,13.6872825622559,754.511084743659,928.993216781641,625.838448643695,296.15,1.08789438985346,473.277917194613,"Temperate (Australia; N = 165)"
"Ollivier",-37.7462647730686,143.958233089475,577.336156115737,25.3,13.6872825622559,1647.43790875076,2028.41107737781,1366.48752536177,298.45,1.3898698327264,907.896702552165,"Temperate (Australia; N = 165)"
"Ollivier",-37.7679843941278,143.973768877921,2.23448903242101,16.9,13.8430337905884,6.43756390695379,7.92996620256677,5.33622008553252,290.05,0.263808763469527,5.74915973666187,"Temperate (Australia; N = 165)"
"Ollivier",-37.7570334957665,143.956274002144,4.46897806484203,17.6,13.6813220977783,12.7476353343722,15.6952962332974,10.5739329715115,290.75,0.360132330715075,10.9239189853486,"Temperate (Australia; N = 165)"
"Ollivier",-37.7542929024263,143.960024693298,8.19312645221039,19.3,13.7945833206177,23.5339960661805,28.9853395463508,19.5118965825124,292.45,0.592141251191201,18.2577806354086,"Temperate (Australia; N = 165)"
"Ollivier",-37.7519281499826,143.957499982549,2.97931870989469,19,13.7945833206177,8.55781675133835,10.5401234714003,7.09523512091359,292.15,0.55139470059062,6.75618726634402,"Temperate (Australia; N = 165)"
"Ollivier",-37.7492801552682,143.955269927486,32.7725058088416,22.5,13.7945833206177,94.1359842647219,115.941358185403,78.0475863300494,295.65,1.02162583572774,60.7497480271941,"Temperate (Australia; N = 165)"
"Ollivier",-37.7549335977747,143.948935858071,2.97931870989469,23.8,13.7945833206177,8.55781675133835,10.5401234714003,7.09523512091359,296.95,1.1934598953043,5.13049074236876,"Temperate (Australia; N = 165)"
"Ollivier",-37.7604376050193,143.940927607065,218.979925177259,23.3,13.8388566970825,630.718692252519,776.925831292249,522.824456438532,296.45,1.12754822293276,388.958599973422,"Temperate (Australia; N = 165)"
"Ollivier",-37.7540903711308,143.944626925427,1.48965935494734,23.3,13.6864471435547,4.25054868753873,5.23348428740233,3.52568134965597,296.45,1.12754822293276,2.62127551780566,"Temperate (Australia; N = 165)"
"Ollivier",-37.7513005220747,143.941107690408,1.48965935494734,25,13.6864471435547,4.25054868753873,5.23348428740233,3.52568134965597,298.15,1.3507459481599,2.38208168916482,"Temperate (Australia; N = 165)"
"Ollivier",-37.7468679012213,143.944625472633,20.8552309692628,24.6,13.6029491424561,59.2038722874792,72.8790130926701,49.1234235329006,297.75,1.29845813019688,33.9310238847099,"Temperate (Australia; N = 165)"
"Ollivier",-37.7501580647853,143.949125652934,11.9172748395787,25.3,13.7945833206177,34.2312670053534,42.1604938856012,28.3809404836543,298.45,1.3898698327264,18.8647197404299,"Temperate (Australia; N = 165)"
"Ollivier",-37.7411378254911,143.951790427026,216.035464869114,26.5,13.6899995803833,616.56346924627,759.150586033303,511.410563147495,299.65,1.5455819793441,317.843943672754,"Temperate (Australia; N = 165)"
"Ollivier",-37.7396662691755,143.954325992527,4.46897806484203,27.2,13.6899995803833,12.7544272479236,15.7040295164048,10.579200920642,300.35,1.63583946536217,6.32546622587935,"Temperate (Australia; N = 165)"
"Ollivier",-37.7354428526701,143.953209751252,1.48965935494734,27.7,13.663272857666,4.24450864115931,5.22572242252528,3.52099406543514,300.85,1.70005194829225,2.04787580527988,"Temperate (Australia; N = 165)"
"Ollivier",-37.7405015785815,143.960035037231,545.960153588201,26.9,13.6872825622559,1557.90598624536,1918.17472648153,1292.22417705867,300.05,1.59720925275192,785.534356408295,"Temperate (Australia; N = 165)"
"Ollivier2",-37.762421,143.976686,0.368291818873855,7.65,13.4296159744263,1.03450442176007,1.27298557867009,0.858887921077979,280.8,-1.05414104261486,1.62553893058687,"Temperate (Australia; N = 165)"
"Ollivier2",-37.759395,143.969604,3.09086328438671,7.475,13.6819076538086,8.81691820871441,10.855688832811,7.31345718452544,280.625,-1.07991266135953,14.0081285665752,"Temperate (Australia; N = 165)"
"Ollivier2",-37.758871,143.977563,3.48732062227918,7.475,13.4296159744263,9.79562515093112,12.0537808141775,8.13272900973028,280.625,-1.07991266135953,15.5630769454794,"Temperate (Australia; N = 165)"
"Ollivier2",-37.756786,143.976266,13.2869836449149,7.25,13.4296159744263,37.3221522393529,45.9259144439355,30.9863786686145,280.4,-1.11309486784595,60.146174377584,"Temperate (Australia; N = 165)"
"Ollivier2",-37.75388,143.965475,0.154951093380622,8.425,13.5219249725342,0.437702064187779,0.538703872449041,0.363283425687031,281.575,-0.940394653899851,0.6550369087931,"Temperate (Australia; N = 165)"
"Ollivier2",-37.753233,143.969047,5.65517122841896,9.925,13.5219249725342,15.9745895689425,19.6608011834312,13.2585703778176,283.075,-0.722009675899564,21.7699246200179,"Temperate (Australia; N = 165)"
"Ollivier2",-37.748991,143.975123,7.77627916198341,7.95,13.7699604034424,22.302798030106,27.4668818233602,18.4930537602459,281.1,-1.01003577955508,34.3884535721667,"Temperate (Australia; N = 165)"
"Ollivier2",-37.747517,143.970484,30.8986389854499,8.275,13.5219249725342,87.2817207640028,107.422388004578,72.4419762055376,281.425,-0.962361191217937,131.856125937705,"Temperate (Australia; N = 165)"
"Ollivier2",-37.742922,143.974816,8.45330324735635,8.075,13.5369997024536,23.9006760769555,29.4168387324466,19.835988553771,281.225,-0.991686359062626,36.5634441355731,"Temperate (Australia; N = 165)"
"Ollivier2",-37.740489,143.960022,0.334905781073167,7.05,13.6872825622559,0.955658975720055,1.17665694242524,0.792683027314646,280.2,-1.14263490018873,1.55971114962081,"Temperate (Australia; N = 165)"
"Ollivier2",-37.738764,143.962383,2.06086218316455,7.65,13.6872825622559,5.88070303460351,7.24062686356681,4.8778210665532,280.8,-1.05414104261486,9.24047449280539,"Temperate (Australia; N = 165)"
"Ollivier2",-37.734435,143.962578,4.99070416087146,7.6,13.5853328704834,14.1523557141756,17.4205834485438,11.7434535031282,280.75,-1.06150108384139,22.3081772889891,"Temperate (Australia; N = 165)"
"Webb",51.26,-105.98,85.310175981,20.1,10.5538463592529,202.905450678886,251.217911678632,168.661615702136,293.25,0.700391138163269,150.276662073486,"Semi arid (Canada; N = 101)"
"Webb",51.26,-105.98,26.66611765452,20.1,10.5538463592529,63.4238595610403,78.5252909481419,52.7199766780022,293.25,0.700391138163269,46.9732374303461,"Semi arid (Canada; N = 101)"
"Webb",51.26,-105.98,14.94264174976,20.1,10.5538463592529,35.5402321435072,44.0024793311022,29.5421978842713,293.25,0.700391138163269,26.3219516182216,"Semi arid (Canada; N = 101)"
"Webb",51.26,-105.98,7.74831518576,20.1,10.5538463592529,18.4289314456325,22.8169211657467,15.3187277270502,293.25,0.700391138163269,13.6489103371284,"Semi arid (Canada; N = 101)"
"Webb",51.26,-105.98,10.55982590644,20.1,10.5538463592529,25.1159514090557,31.0961427684383,20.8771964004635,293.25,0.700391138163269,18.6014783236452,"Semi arid (Canada; N = 101)"
"Webb",51.26,-105.98,28.21386874292,20.1,10.5538463592529,67.1050983877013,83.0830449529253,55.7799422245793,293.25,0.700391138163269,49.6996515375818,"Semi arid (Canada; N = 101)"
"Webb",51.26,-105.98,21.32917551588,20.1,10.5538463592529,50.7302431496867,62.8092823547774,42.1686295068006,293.25,0.700391138163269,37.572039495263,"Semi arid (Canada; N = 101)"
"Webb",51.26,-105.98,10.40238796512,20.1,10.5538463592529,24.7414941292511,30.6325259679502,20.5659353199358,293.25,0.700391138163269,18.3241462465134,"Semi arid (Canada; N = 101)"
"Webb",51.26,-105.98,18.73686894296,20.1,10.5538463592529,44.5645879106995,55.175564147177,37.0435361641104,293.25,0.700391138163269,33.0056067764238,"Semi arid (Canada; N = 101)"
"Webb",51.26,-105.98,66.58137037812,20.1,10.5538463592529,158.360040968607,196.066092125025,131.634021082515,293.25,0.700391138163269,117.285259134043,"Semi arid (Canada; N = 101)"
"Webb",51.26,-105.98,64.69138452444,20.1,10.5538463592529,153.86481602026,190.500539202365,127.897443774237,293.25,0.700391138163269,113.955987306958,"Semi arid (Canada; N = 101)"
"Webb",51.26,-105.98,619.1524267744,20.1,10.5538463592529,1472.61918931647,1823.25470410076,1224.08900772783,293.25,0.700391138163269,1090.6572274693,"Semi arid (Canada; N = 101)"
"Webb",51.26,-105.98,137.49534366828,20.1,10.5538463592529,327.024934041563,404.890655829546,271.833770683785,293.25,0.700391138163269,242.202539843756,"Semi arid (Canada; N = 101)"
"Webb",51.26,-105.98,96.9065733176,20.1,10.5538463592529,230.486828876468,285.366507533658,191.588155105249,293.25,0.700391138163269,170.704094836141,"Semi arid (Canada; N = 101)"
"Webb",51.26,-105.98,54.97757547372,20.1,10.5538463592529,130.76106807249,161.895712215367,108.692856393227,293.25,0.700391138163269,96.8447953140297,"Semi arid (Canada; N = 101)"
"Webb",51.26,-105.98,570.6765400764,20.1,10.5538463592529,1357.32202195736,1680.50489866426,1128.25024899757,293.25,0.700391138163269,1005.26536934383,"Semi arid (Canada; N = 101)"
"Webb",51.26,-105.98,71.97946397416,20.1,10.5538463592529,171.199102678611,211.962177025201,142.306267120575,293.25,0.700391138163269,126.794177359153,"Semi arid (Canada; N = 101)"
"Webb",51.26,-105.98,107.39837130636,20.1,10.5538463592529,255.440979713237,316.262324476731,212.330857603,293.25,0.700391138163269,189.185739760321,"Semi arid (Canada; N = 101)"
"Webb",51.26,-105.98,37.78616906404,20.1,10.5538463592529,89.8722757889421,111.271162829602,74.7047612110709,293.25,0.700391138163269,66.5615712802307,"Semi arid (Canada; N = 101)"
"Webb",51.26,-105.98,158.51702080328,20.1,10.5538463592529,377.02380960423,466.794429548327,313.394463644346,293.25,0.700391138163269,279.232910895128,"Semi arid (Canada; N = 101)"
"Webb",51.26,-105.98,33.73960912412,20.1,10.5538463592529,80.2477607897999,99.3550188772614,66.7045510408979,293.25,0.700391138163269,59.4334237449719,"Semi arid (Canada; N = 101)"
"Webb",51.26,-105.98,140.09825449372,20.1,10.5538463592529,333.215810898159,412.555601005587,276.97982905606,293.25,0.700391138163269,246.78765229985,"Semi arid (Canada; N = 101)"
"Webb",51.26,-105.98,46.53336631552,20.1,10.5538463592529,110.67699199166,137.029550985398,91.9983185661568,293.25,0.700391138163269,81.9700450095961,"Semi arid (Canada; N = 101)"
"Webb",51.26,-105.98,183.9251131576,20.1,10.5538463592529,437.455526814522,541.615139124775,363.627274198424,293.25,0.700391138163269,323.990095659493,"Semi arid (Canada; N = 101)"
"Webb",51.26,-105.98,53.6399631742,20.1,10.5538463592529,127.579632524541,157.956766308188,106.048343601806,293.25,0.700391138163269,94.4885475486392,"Semi arid (Canada; N = 101)"
"Webb",51.26,-105.98,172.432075576,20.1,10.5538463592529,410.119983975139,507.77091284236,340.905081147624,293.25,0.700391138163269,303.744734482033,"Semi arid (Canada; N = 101)"
"Webb",51.26,-105.98,5.154629638,20.1,10.5538463592529,12.2599963926235,15.1791422095243,10.1909080961786,293.25,0.700391138163269,9.08004850905738,"Semi arid (Canada; N = 101)"
"Webb",51.26,-105.98,21.99932631488,20.1,10.5538463592529,52.3241590961758,64.7827149763681,43.4935443276139,293.25,0.700391138163269,38.7525320215243,"Semi arid (Canada; N = 101)"
"Webb",51.26,-105.98,102.32166479036,20.1,10.5538463592529,243.366319079284,301.312647084917,202.294006622587,293.25,0.700391138163269,180.242955376414,"Semi arid (Canada; N = 101)"
"Webb",51.26,-105.98,251.7957084324,20.1,10.5538463592529,598.881916617594,741.477687915183,497.810144249741,293.25,0.700391138163269,443.546366568007,"Semi arid (Canada; N = 101)"
"Webb",51.26,-105.98,42.77607720524,20.1,10.5538463592529,101.74049137511,125.965239922816,84.5700083474438,293.25,0.700391138163269,75.3514574912245,"Semi arid (Canada; N = 101)"
"Webb",51.26,-105.98,94.052089063,20.1,10.5538463592529,223.697598781991,276.960739228598,185.944726043698,293.25,0.700391138163269,165.675827565679,"Semi arid (Canada; N = 101)"
"Webb",51.26,-105.98,38.42080964488,20.1,10.5538463592529,91.3817326807334,113.140026415356,75.9594709162584,293.25,0.700391138163269,67.6795113970844,"Semi arid (Canada; N = 101)"
"Webb",51.26,-105.98,14.61204793428,20.1,10.5538463592529,34.7539333655447,43.0289602053504,28.8886007439675,293.25,0.700391138163269,25.7395998117555,"Semi arid (Canada; N = 101)"
"Webb",51.26,-105.98,53.65253872668,20.1,10.5538463592529,127.609542768121,157.993798280001,106.073205969926,293.25,0.700391138163269,94.5106997951759,"Semi arid (Canada; N = 101)"
"Webb",51.26,-105.98,41.46490540212,20.1,10.5538463592529,98.6219430592706,122.104154906357,81.9777694704949,293.25,0.700391138163269,73.0417855240534,"Semi arid (Canada; N = 101)"
"Webb",51.26,-105.98,217.3364350824,20.1,10.5538463592529,516.922474983035,640.003431305067,429.682788371036,293.25,0.700391138163269,382.845230777722,"Semi arid (Canada; N = 101)"
"Webb",51.26,-105.98,19.57018471716,20.1,10.5538463592529,46.5465825646495,57.6294783040299,38.6910346395321,293.25,0.700391138163269,34.4735197370986,"Semi arid (Canada; N = 101)"
"Webb",51.26,-105.98,108.1784593992,20.1,10.5538463592529,257.296375323747,318.559495937874,213.873122832387,293.25,0.700391138163269,190.559890421332,"Semi arid (Canada; N = 101)"
"Webb",51.26,-105.98,173.6262842124,20.1,10.5538463592529,412.960341983864,511.28756951661,343.266079185485,293.25,0.700391138163269,305.848372009841,"Semi arid (Canada; N = 101)"
"Webb",51.26,-105.98,54.97105359368,20.1,10.5538463592529,130.745556147991,161.87650685018,108.67996237663,293.25,0.700391138163269,96.8333068092695,"Semi arid (Canada; N = 101)"
"Webb",51.26,-105.98,135.91627197764,20.1,10.5538463592529,323.269200925798,400.240670198269,268.711883059123,293.25,0.700391138163269,239.42095347243,"Semi arid (Canada; N = 101)"
"Webb",51.26,-105.98,8.67947005172,20.1,10.5538463592529,20.6436308710742,25.5589478722438,17.1596579836786,293.25,0.700391138163269,15.289170054341,"Semi arid (Canada; N = 101)"
"Webb",51.26,-105.98,23.59489682972,20.1,10.5538463592529,56.1191337364304,69.4812856693107,46.6480507848452,293.25,0.700391138163269,41.5631816106944,"Semi arid (Canada; N = 101)"
"Webb",51.26,-105.98,16.65969712336,20.1,10.5538463592529,39.624151680826,49.058793659752,32.936884745847,293.25,0.700391138163269,29.3466007550071,"Semi arid (Canada; N = 101)"
"Webb",51.26,-105.98,68.27240405972,20.1,10.5538463592529,162.382069376504,201.045778840996,134.977262022598,293.25,0.700391138163269,120.264070210242,"Semi arid (Canada; N = 101)"
"Webb",51.26,-105.98,13.28237708688,20.1,10.5538463592529,31.5913861143661,39.1133999610698,26.2597885196854,293.25,0.700391138163269,23.3973411737215,"Semi arid (Canada; N = 101)"
"Webb",51.26,-105.98,44.3471105782,20.1,10.5538463592529,105.477105804824,130.591554645462,87.6760038978975,293.25,0.700391138163269,78.1188841033447,"Semi arid (Canada; N = 101)"
"Webb",51.26,-105.98,11.21044752424,20.1,10.5538463592529,26.6634182975373,33.0120666572027,22.1635012522238,293.25,0.700391138163269,19.7475695592044,"Semi arid (Canada; N = 101)"
"Webb",51.26,-105.98,2.23300646668,20.1,10.5538463592529,5.31108016459235,6.57566597271078,4.41474272222162,293.25,0.700391138163269,3.93351384336514,"Semi arid (Canada; N = 101)"
"Webb",51.26,-105.98,8.24502722916,20.1,10.5538463592529,19.6103330763846,24.2796184443969,16.3007472202137,293.25,0.700391138163269,14.5238848291571,"Semi arid (Canada; N = 101)"
"Webb",51.26,-105.98,353.3716614484,20.1,10.5538463592529,840.474602224515,1040.59439351346,698.629848993737,293.25,0.700391138163269,622.475726291487,"Semi arid (Canada; N = 101)"
"Webb",51.26,-105.98,47.07789805804,20.1,10.5538463592529,111.97213008456,138.633065755184,93.0748795090738,293.25,0.700391138163269,82.929255463894,"Semi arid (Canada; N = 101)"
"Webb",51.26,-105.98,46.2399426978,20.1,10.5538463592529,109.979100436419,136.165489135412,91.4182083872627,293.25,0.700391138163269,81.4531697208345,"Semi arid (Canada; N = 101)"
"Webb",51.26,-105.98,6.99890572624,20.1,10.5538463592529,16.6465032372931,20.6100908873195,13.8371153776247,293.25,0.700391138163269,12.3288010909813,"Semi arid (Canada; N = 101)"
"Webb",51.26,-105.98,389.7417241792,20.1,10.5538463592529,926.978748825454,1147.69546442073,770.534911582413,293.25,0.700391138163269,686.54278000153,"Semi arid (Canada; N = 101)"
"Webb",51.26,-105.98,620.604944854,20.1,10.5538463592529,1476.07392179324,1827.53201984225,1226.960693823,293.25,0.700391138163269,1093.21588552027,"Semi arid (Canada; N = 101)"
"Webb",51.26,-105.98,139.04565987348,20.1,10.5538463592529,330.712273854119,409.455963485208,274.898807568441,293.25,0.700391138163269,244.933472488037,"Semi arid (Canada; N = 101)"
"Webb",51.26,-105.98,18.02211762472,20.1,10.5538463592529,42.8645921401702,53.070793743494,35.6304443403819,293.25,0.700391138163269,31.7465489784226,"Semi arid (Canada; N = 101)"
"Webb",51.26,-105.98,36.1763588788,20.1,10.5538463592529,86.0434328943227,106.530659738563,71.5221023583122,293.25,0.700391138163269,63.725838046441,"Semi arid (Canada; N = 101)"
"Webb",51.26,-105.98,99.77150315704,20.1,10.5538463592529,237.30090320641,293.803035569073,197.252235504061,293.25,0.700391138163269,175.750762345556,"Semi arid (Canada; N = 101)"
"Webb",51.26,-105.98,33.58015485856,20.1,10.5538463592529,79.8685077963079,98.8854644877457,66.3893036070403,293.25,0.700391138163269,59.152539846818,"Semi arid (Canada; N = 101)"
"Webb",51.26,-105.98,27.85378173032,20.1,10.5538463592529,66.2486517008314,82.0226754684207,55.0680358588955,293.25,0.700391138163269,49.0653465008463,"Semi arid (Canada; N = 101)"
"Webb",51.26,-105.98,30.79655577496,20.1,10.5538463592529,73.2478740902775,90.6884359305863,60.8860173518165,293.25,0.700391138163269,54.2491391208906,"Semi arid (Canada; N = 101)"
"Webb",51.26,-105.98,14.27662059312,20.1,10.5538463592529,33.9561383188759,42.0412075111713,28.2254475308817,293.25,0.700391138163269,25.1487335918929,"Semi arid (Canada; N = 101)"
"Webb",51.26,-105.98,12.43797132084,20.1,10.5538463592529,29.583014539182,36.6268284505245,24.5903646886969,293.25,0.700391138163269,21.9098928301106,"Semi arid (Canada; N = 101)"
"Webb",51.26,-105.98,50.53205933456,20.1,10.5538463592529,120.187658214357,148.804738389898,99.903893927276,293.25,0.700391138163269,89.0138733999129,"Semi arid (Canada; N = 101)"
"Webb",51.26,-105.98,87.26545619952,20.1,10.5538463592529,207.555974597986,256.975740772227,172.527282570288,293.25,0.700391138163269,153.720952057403,"Semi arid (Canada; N = 101)"
"Webb",51.26,-105.98,26.31197452056,20.1,10.5538463592529,62.5815500548802,77.482424753978,52.0198215971264,293.25,0.700391138163269,46.3494027300215,"Semi arid (Canada; N = 101)"
"Webb",51.26,-105.98,62.40397193364,20.1,10.5538463592529,148.424333952468,183.764660303977,123.375137977708,293.25,0.700391138163269,109.926635298508,"Semi arid (Canada; N = 101)"
"Webb",51.26,-105.98,31.01105033812,20.1,10.5538463592529,73.7580373328882,91.3200707338656,61.3100816462091,293.25,0.700391138163269,54.6269783014331,"Semi arid (Canada; N = 101)"
"Webb",51.26,-105.98,6.97958265904,20.1,10.5538463592529,16.6005444098305,20.5531891105574,13.798912904159,293.25,0.700391138163269,12.294762876824,"Semi arid (Canada; N = 101)"
"Webb",51.26,-105.98,75.98179056648,20.1,10.5538463592529,180.718411150787,223.748064427455,150.219026200789,293.25,0.700391138163269,133.844406407512,"Semi arid (Canada; N = 101)"
"Webb",51.26,-105.98,13.94450871996,20.1,10.5538463592529,33.1662289261869,41.0632180713474,27.5688491300824,293.25,0.700391138163269,24.5637076772286,"Semi arid (Canada; N = 101)"
"Webb",51.26,-105.98,9.00159822788,20.1,10.5538463592529,21.4097946025224,26.507537730103,17.7965182178719,293.25,0.700391138163269,15.8566093605725,"Semi arid (Canada; N = 101)"
"Webb",51.26,-105.98,17.10613363136,20.1,10.5538463592529,40.6859757811001,50.3734416011868,33.8195075031188,293.25,0.700391138163269,30.1330132489272,"Semi arid (Canada; N = 101)"
"Webb",51.26,-105.98,23.37015973208,20.1,10.5538463592529,55.5846092022053,68.8194890700585,46.2037365918396,293.25,0.700391138163269,41.1672998710419,"Semi arid (Canada; N = 101)"
"Webb",51.26,-105.98,25.28730448168,20.1,10.5538463592529,60.1444300554747,74.4650183969166,49.9940081190536,293.25,0.700391138163269,44.5444129805701,"Semi arid (Canada; N = 101)"
"Webb",51.26,-105.98,41.0552565058,20.1,10.5538463592529,97.6476162222654,120.897837616871,81.1678772867147,293.25,0.700391138163269,72.3201756099587,"Semi arid (Canada; N = 101)"
"Webb",51.26,-105.98,427.066830164,20.1,10.5538463592529,1015.75441203789,1257.60890758106,844.328132722315,293.25,0.700391138163269,752.292173604751,"Semi arid (Canada; N = 101)"
"Webb",51.26,-105.98,498.457112794,20.1,10.5538463592529,1185.55218005984,1467.83608751854,985.469564859198,293.25,0.700391138163269,878.048488777615,"Semi arid (Canada; N = 101)"
"Webb",51.26,-105.98,160.92955258,20.1,10.5538463592529,382.761880611627,473.89875430017,318.164135054764,293.25,0.700391138163269,283.48266443722,"Semi arid (Canada; N = 101)"
"Webb",51.26,-105.98,35.74714381304,20.1,10.5538463592529,85.0225690248636,105.266724794797,70.6735270782553,293.25,0.700391138163269,62.9697616856511,"Semi arid (Canada; N = 101)"
"Webb",51.26,-105.98,110.39939664808,20.1,10.5538463592529,262.578749533289,325.099620972397,218.264004230317,293.25,0.700391138163269,194.472143943241,"Semi arid (Canada; N = 101)"
"Webb",51.26,-105.98,13.08197444968,20.1,10.5538463592529,31.1147397242877,38.5232624841118,25.8635845241779,293.25,0.700391138163269,23.0443253811407,"Semi arid (Canada; N = 101)"
"Webb",51.26,-105.98,60.750902109,20.1,10.5538463592529,144.492600441018,178.896767998873,120.106953094883,293.25,0.700391138163269,107.014698796623,"Semi arid (Canada; N = 101)"
"Webb",51.26,-105.98,14.81200740232,20.1,10.5538463592529,35.2295257027262,43.6177926559196,29.2839285763949,293.25,0.700391138163269,26.0918349473826,"Semi arid (Canada; N = 101)"
"Webb",51.26,-105.98,95.84438886256,20.1,10.5538463592529,227.960482950257,282.238630260587,189.48817413228,293.25,0.700391138163269,168.833022217028,"Semi arid (Canada; N = 101)"
"Webb",51.26,-105.98,125.4618437082,20.1,10.5538463592529,298.403931862548,369.454898073878,248.043061984852,293.25,0.700391138163269,221.005136529701,"Semi arid (Canada; N = 101)"
"Webb",51.26,-105.98,46.04695402128,20.1,10.5538463592529,109.520087734418,135.597183986167,91.0366620873075,293.25,0.700391138163269,81.1132138622056,"Semi arid (Canada; N = 101)"
"Webb",51.26,-105.98,58.87646445288,20.1,10.5538463592529,140.034356005217,173.377000771489,116.401115192445,293.25,0.700391138163269,103.7128156275,"Semi arid (Canada; N = 101)"
"Webb",51.26,-105.98,14.62462781756,20.1,10.5538463592529,34.7838539096892,43.0660049303251,28.9134716742516,293.25,0.700391138163269,25.7617596871379,"Semi arid (Canada; N = 101)"
"Webb",51.26,-105.98,321.257566664,20.1,10.5538463592529,764.093035776634,946.026122678067,635.13900454448,293.25,0.700391138163269,565.905699161476,"Semi arid (Canada; N = 101)"
"Webb",51.26,-105.98,64.85759100444,20.1,10.5538463592529,154.260128775654,190.989977236374,128.226040604974,293.25,0.700391138163269,114.248765451443,"Semi arid (Canada; N = 101)"
"Webb",51.26,-105.98,113.45213172576,20.1,10.5538463592529,269.839508049106,334.089190180339,224.299383065156,293.25,0.700391138163269,199.849636515412,"Semi arid (Canada; N = 101)"
"Webb",51.26,-105.98,1467.1669639236,20.1,10.5538463592529,3489.57402341302,4320.45317598283,2900.64752293166,293.25,0.700391138163269,2584.46253928762,"Semi arid (Canada; N = 101)"
"Webb",51.26,-105.98,579.8696572356,20.1,10.5538463592529,1379.18733355567,1707.57641349814,1146.4254077706,293.25,0.700391138163269,1021.45934555885,"Semi arid (Canada; N = 101)"
"Webb",51.26,-105.98,65.60740731856,20.1,10.5538463592529,156.043524664754,193.198005603561,129.708457322148,293.25,0.700391138163269,115.56959138526,"Semi arid (Canada; N = 101)"
"Webb",51.26,-105.98,142.91479429976,20.1,10.5538463592529,339.914792257977,420.849632052841,282.548240431532,293.25,0.700391138163269,251.749079184528,"Semi arid (Canada; N = 101)"
"Webb",51.26,-105.98,59.59939159972,20.1,10.5538463592529,141.753797523779,175.505847020328,117.830370954947,293.25,0.700391138163269,104.986275414685,"Semi arid (Canada; N = 101)"
"Webb",51.26,-105.98,296.47521569,20.1,10.5538463592529,705.149609210714,873.048070686218,586.143309621718,293.25,0.700391138163269,522.250778281513,"Semi arid (Canada; N = 101)"
"Panneer",10.4842,79.0807,18.1252,33.5,29.2603492736816,164.495435796201,304.678551794975,92.8904951634785,306.65,2.42961380473234,58.049265312755,"Tropical (India; N = 8)"
"Panneer",10.4854,79.0834,835.8444,35,29.2603492736816,7585.7143003009,14050.2648973771,4283.64929466271,308.15,2.61382381595896,2473.67281235679,"Tropical (India; N = 8)"
"Panneer",10.4885,79.0808,100.5708,31.7,29.2603492736816,912.731311895733,1690.56152190663,515.418942190275,304.85,2.20616890412096,354.476840210238,"Tropical (India; N = 8)"
"Panneer",12.07549,77.54092,56.7816,22.8,26.2163467407227,400.688570736899,660.967355006789,252.535974447476,295.95,1.0614138383721,254.20720003672,"Tropical (India; N = 8)"
"Panneer",11.00112,76.55851,45.3932,28.3,25.6367492675781,305.669980085977,493.674575771235,196.512577055037,301.45,1.77682575190034,142.703579706002,"Tropical (India; N = 8)"
"Panneer",10.58546,76.49273,3.0476,27,27.3402328491211,23.5743206485692,40.5532451313633,14.2818091199507,300.15,1.61009457049026,11.8212683005111,"Tropical (India; N = 8)"
"Panneer",8.06945,77.31573,494.032,28,30.296,4893.82058016337,9441.61909907435,2657.53589616645,301.15,1.73847709041023,2322.57666899947,"Tropical (India; N = 8)"
"Panneer",8.07317,77.30055,591.7156,30.3,30.296,5861.46237669567,11308.4846936641,3183.00322109027,303.45,2.03054573669182,2454.42213887349,"Tropical (India; N = 8)"
